shape,Cin,Cout,H,W,freq,precision,gn_base,gn_modiff,conv_base,conv_modiff,a_hat_ms,o_hat_ms,modiff_total_ms,base_total_ms,a_hat_pct,o_hat_pct,block_ratio
"768->768,2x2",768,768,2,2,12,W8A8,0.012250199727714062,0.021381400153040887,0.0714471995830536,0.07307259887456893,0.009131200425326825,0.0016253992915153392,0.09445399902760981,0.08369739931076765,9.667351853104375,1.7208369240567776,1.1285177294088076
"768->768,2x2",768,768,2,2,12,W4A4,0.012795799877494574,0.018977199867367744,0.03755680024623871,0.03988800011575222,0.00618139998987317,0.002331199869513509,0.05886519998311997,0.050352600123733285,10.500941119108967,3.9602343492963548,1.1690597871503827
"384->384,8x8",384,384,8,8,8,W8A8,0.03196600005030632,0.07620740085840225,0.11714179813861847,0.12739560157060623,0.044241400808095924,0.010253803431987757,0.20360300242900847,0.14910779818892478,21.7292477420719,5.036174962873161,1.3654752125776572
"384->384,8x8",384,384,8,8,8,W4A4,0.03231219984591007,0.07292239889502525,0.061563800647854806,0.06572239995002746,0.04061019904911518,0.004158599302172654,0.1386447988450527,0.09387600049376488,29.290820418370338,2.999462898583192,1.4768929025077215
"192->192,32x32",192,192,32,32,7,W8A8,0.3029174000024796,0.42721299827098846,0.7039388060569763,0.7220853984355926,0.12429559826850889,0.018146592378616266,1.149298396706581,1.006856206059456,10.814910959998658,1.5789278424660622,1.141472227900946
"192->192,32x32",192,192,32,32,7,W4A4,0.28190799951553347,0.4088119983673096,0.3250458002090454,0.3398427993059158,0.1269039988517761,0.014796999096870433,0.7486547976732254,0.6069537997245789,16.950936432409996,1.9764782304018658,1.2334625765798766
"384->384,16x16",384,384,16,16,7,W8A8,0.11561959907412529,0.2269758015871048,0.3975153982639313,0.41903160214424134,0.1113562025129795,0.02151620388031006,0.6460074037313461,0.5131349973380566,17.23760468839595,3.330643543097528,1.2589423973858334
"384->384,16x16",384,384,16,16,7,W4A4,0.11830880045890808,0.21736759841442108,0.2110047996044159,0.22046899944543838,0.09905879795551299,0.00946419984102248,0.43783659785985946,0.329313600063324,22.624604347766116,2.1615826286069706,1.3295430184956452
"768->768,4x4",768,768,4,4,7,W8A8,0.019656400196254253,0.05038439966738224,0.14143739640712738,0.14623979926109315,0.03072799947112799,0.00480240285396577,0.19662419892847538,0.16109379660338163,15.627781137104952,2.4424271682412333,1.2205572348174945
"768->768,4x4",768,768,4,4,7,W4A4,0.020360000245273114,0.04904840029776096,0.07203340008854867,0.07455580085515975,0.028688400052487847,0.002522400766611088,0.12360420115292071,0.09239340033382178,23.209890752010214,2.0407079557841428,1.3378033572347465
"1536->768,2x2",1536,768,2,2,3,W8A8,0.013052199967205524,0.02891759965568781,0.13588399887084962,0.13710039854049683,0.015865399688482284,0.0012163996696472057,0.16601799819618462,0.14893619883805514,9.556433555917252,0.7326914448214089,1.1146920593609568
"1536->768,2x2",1536,768,2,2,3,W4A4,0.013828799780458211,0.02871139980852604,0.07007860094308853,0.07272139936685562,0.014882600028067829,0.0026427984237670926,0.10143279917538166,0.08390740072354674,14.672374369098478,2.6054673096397356,1.208865943894229
"1536->768,4x4",1536,768,4,4,2,W8A8,0.0315020002424717,0.0953390009701252,0.2700483977794647,0.2749882012605667,0.0638370007276535,0.004939803481102012,0.37032720223069193,0.3015503980219364,17.23799935384893,1.3339024115287126,1.2280773119846864
"1536->768,4x4",1536,768,4,4,2,W4A4,0.03202720060944557,0.09292920008301735,0.13605020195245743,0.138468399643898,0.06090199947357178,0.0024181976914405823,0.23139759972691537,0.168077402561903,26.319201039874862,1.0450400930236208,1.3767323637791908
"768->384,8x8",768,384,8,8,2,W8A8,0.058384399861097336,0.1490347981452942,0.21446279883384706,0.22180600166320802,0.09065039828419685,0.007343202829360962,0.3708407998085022,0.2728471986949444,24.444559048251335,1.9801496580616007,1.3591519413879676
"768->384,8x8",768,384,8,8,2,W4A4,0.058987199887633325,0.14398359954357148,0.10869520008563996,0.11215679943561555,0.08499639965593817,0.003461599349975586,0.25614039897918706,0.16768239997327328,33.183519661357536,1.35144606777038,1.527532997023021
"768->384,16x16",768,384,16,16,2,W8A8,0.22760140001773835,0.44483719766139984,0.7316266000270844,0.7572444021701813,0.2172357976436615,0.025617802143096946,1.202081599831581,0.9592280000448227,18.071634876875045,2.131120062621885,1.2531760955428848
"768->384,16x16",768,384,16,16,2,W4A4,0.23387499898672104,0.42767120003700254,0.36804059743881223,0.3835264027118683,0.1937962010502815,0.015485805273056041,0.8111976027488708,0.6019155964255333,23.890134831953713,1.909005305314014,1.347693277207229
"384->192,32x32",384,192,32,32,2,W8A8,0.5464897990226746,0.8259277939796448,0.9676845967769623,1.026082992553711,0.2794379949569702,0.05839839577674866,1.8520107865333557,1.5141743957996368,15.08835677356015,3.153242745743418,1.2231159050574933
"384->192,32x32",384,192,32,32,2,W4A4,0.5064478039741516,0.793198412656784,0.4916538029909134,0.5105575978755951,0.28675060868263247,0.01890379488468169,1.303756010532379,0.998101606965065,21.994192653082383,1.4499488195619106,1.3062357594000071
"192->192,16x16",192,192,16,16,1,W8A8,0.07917720004916191,0.12378400042653084,0.20151439905166627,0.20585199892520906,0.04460680037736893,0.004337599873542791,0.32963599935173993,0.2806915991008282,13.5321386211131,1.315875657413962,1.1743707343137486
"192->192,16x16",192,192,16,16,1,W4A4,0.07223760038614273,0.11958099976181984,0.09956740066409112,0.1013833999633789,0.04734339937567711,0.0018159992992877877,0.22096439972519874,0.17180500105023383,21.42580408181385,0.8218515297243565,1.286134852736861
"192->384,16x16",192,384,16,16,1,W8A8,0.07917720004916191,0.12378400042653084,0.2980815976858139,0.3004795968532562,0.04460680037736893,0.0023979991674423218,0.424263597279787,0.3772587977349758,10.51393536079229,0.5652144522455753,1.1245956352165234
"192->384,16x16",192,384,16,16,1,W4A4,0.07223760038614273,0.11958099976181984,0.14098339825868605,0.1471892014145851,0.04734339937567711,0.006205803155899053,0.26677020117640493,0.2132209986448288,17.74688445969673,2.3262729977083882,1.2511441315438885
"384->384,4x4",384,384,4,4,1,W8A8,0.013410599995404482,0.025283599644899367,0.039376200735569,0.04160779975354671,0.011872999649494885,0.0022315990179777104,0.06689139939844607,0.052786800730973485,17.74966551196222,3.3361523873718686,1.2671993466578189
"384->384,4x4",384,384,4,4,1,W4A4,0.014104800205677748,0.024979800172150134,0.02218100018799305,0.026539599895477294,0.010874999966472386,0.0043585997074842425,0.051519400067627424,0.0362858003936708,21.10855319005504,8.460113475240172,1.4198226168000905
"384->768,4x4",384,768,4,4,1,W8A8,0.013410599995404482,0.025283599644899367,0.07730799987912178,0.08337900042533875,0.011872999649494885,0.0060710005462169675,0.10866260007023812,0.09071859987452625,10.926482195180615,5.587019399768411,1.197798469338486
"384->768,4x4",384,768,4,4,1,W4A4,0.014104800205677748,0.024979800172150134,0.040140200033783914,0.04361100047826767,0.010874999966472386,0.0034708004444837584,0.06859080065041781,0.05424500023946166,15.854895792656334,5.06015443991266,1.2644630905636902
"1152->768,4x4",1152,768,4,4,1,W8A8,0.027220200188457964,0.06013559997081756,0.20600760281085967,0.2107245996594429,0.0329153997823596,0.0047169968485832325,0.2708601996302605,0.23322780299931764,12.15217290221708,1.741487621666897,1.1613546761877827
"1152->768,4x4",1152,768,4,4,1,W4A4,0.026952800154685975,0.0580816000699997,0.10408359915018081,0.10658699944615364,0.031128799915313723,0.0025034002959728324,0.16466859951615334,0.1310363993048668,18.903907610060234,1.5202657357435403,1.2566630370622327
"768->768,8x8",768,768,8,8,1,W8A8,0.058384399861097336,0.1490347981452942,0.3698440045118332,0.38401500284671786,0.09065039828419685,0.014170998334884666,0.533049800992012,0.4282284043729305,17.00599045633173,2.6584754948810163,1.2447791775339496
"768->768,8x8",768,768,8,8,1,W4A4,0.058987199887633325,0.14398359954357148,0.18379639834165573,0.19191060066223145,0.08499639965593817,0.00811420232057572,0.33589420020580296,0.24278359822928905,25.3045154110612,2.4157018238493353,1.3835127358503791
"1152->384,8x8",1152,384,8,8,1,W8A8,0.08797779977321625,0.19156599938869476,0.31418739855289457,0.32158400416374205,0.10358819961547851,0.007396605610847484,0.5131500035524368,0.4021651983261108,20.1867288119181,1.441411976935055,1.275968198362927
"1152->384,8x8",1152,384,8,8,1,W4A4,0.08860959932208061,0.1848579987883568,0.15816100239753722,0.16222720146179198,0.09624839946627618,0.004066199064254761,0.3470852002501488,0.24677060171961784,27.730482140093766,1.171527642585797,1.4065095186845187
"576->384,16x16",576,384,16,16,1,W8A8,0.18469919711351396,0.3515050023794174,0.6257404029369354,0.6468142032623291,0.16680580526590344,0.021073800325393632,0.9983192056417465,0.8104396000504495,16.708664355372807,2.1109280685276235,1.231824315568491
"576->384,16x16",576,384,16,16,1,W4A4,0.18796280175447463,0.33867219686508176,0.32392520010471343,0.3328412026166916,0.15070939511060713,0.00891600251197816,0.6715133994817734,0.511888001859188,22.443244651099146,1.3277475205794704,1.3118365678484796
"384->384,32x32",384,384,32,32,1,W8A8,0.5464897990226746,0.8259277939796448,1.4982614040374755,1.5884737968444824,0.2794379949569702,0.09021239280700688,2.414401590824127,2.0447512030601502,11.573799322323481,3.736428651714645,1.1807801297344942
"384->384,32x32",384,384,32,32,1,W4A4,0.5064478039741516,0.793198412656784,0.7498015999794007,0.8007447898387909,0.28675060868263247,0.05094318985939028,1.5939432024955749,1.2562494039535523,17.99001421340975,3.196048000934444,1.2688111114554672
"576->192,32x32",576,192,32,32,1,W8A8,0.8359802007675171,1.280932605266571,1.5438497900962829,1.5986405968666078,0.44495240449905393,0.054790806770324885,2.879573202133179,2.3798299908638,15.452026160315516,1.9027405425823531,1.2099911393620133
"576->192,32x32",576,192,32,32,1,W4A4,0.7848771929740905,1.2267334103584289,0.7828189969062805,0.8063342034816742,0.44185621738433833,0.023515206575393632,2.033067613840103,1.5676961898803712,21.733473809547853,1.1566367205553774,1.2968505166777524
