kernel,fp16,int8_baseline,int4_baseline,int8_modiff,int4_modiff,total_all_modes
"flash_attn_int8_mma_kernel(signed char const*, signed char const*, signed char const*, float const*, float const*, float const*, __half*, int, int, int, int, int, float, signed char*, float, int)",0.0,32.7599,0.0,32.1022,0.0,64.8622
"flash_attn_int4_mma_kernel(signed char const*, signed char const*, signed char const*, float const*, float const*, float const*, __half*, int, int, int, int, int, int, float, signed char*, float, int)",0.0,0.0,31.7105,0.0,31.6552,63.3657
"void group_norm_silu_nhwc_kernel<__half>(__half const*, __half*, __half const*, __half const*, __half const*, __half const*, int, long, int, float, bool)",15.5651,6.5649,6.4928,6.5052,6.4386,41.5666
"void (anonymous namespace)::softmax_warp_forward<c10::Half, c10::Half, float, 10, false, false>(c10::Half*, c10::Half const*, int, int, int, bool const*, int, bool)",39.3816,0.0,0.0,0.0,0.0,39.3816
_ZN7cutlass6KernelIN6modiff26ImplicitGemmConvolutionEVTINS_4conv11threadblock22ImplicitGemmMultistageINS_4gemm9GemmShapeILi128ELi128ELi128EEENS4_48Conv2dFpropActivationTileAccessIteratorOptimizedINS_11MatrixShapeILi128ELi128EEEaNS_6layout10TensorNHWCENS_9transform29PitchLinearWarpRakedThreadMapINS_16PitchLinearShapeILi128ELi128EEELi256ENSG_ILi8ELi4EEELi16EEENS_12AlignedArrayIaLi16ELi16EEEEENSE_11threadblock25RegularTileAccessIteratorISB_aNSC_37RowMajorTensorOpMultiplicandCrosswiseILi8ELi128EEELi0ESJ_Li16EEELNS_4arch14CacheOperation4KindE0ENS4_44Conv2dFpropFilterTileAccessIteratorOptimizedISB_aSD_SJ_SL_Lb0EEENSO_ISB_aNSC_40ColumnMajorTensorOpMultiplicandCrosswiseILi8ELi128EEELi1ESJ_Li16EEELSU_1ENS6_11threadblock9MmaPolicyINS6_4warp11MmaTensorOpINS7_ILi64ELi64ELi64EEEaSQ_aSY_iNSC_8RowMajorENS12_17MmaTensorOpPolicyINSS_3MmaINS7_ILi16ELi8ELi32EEELi32EaS15_aNSC_11ColumnMajorEiS15_NSS_21OpMultiplyAddSaturateEEENSA_ILi1ELi1EEEEELi2ELb0EbEENSA_ILi0ELi0EEES1F_Li2EEELi3EbEENS_8epilogue11threadblock28EpilogueWithVisitorCallbacksINS1J_8EpilogueIS8_S1E_Li2ENS1J_26PredicatedTileIteratorConvINS1J_26OutputTileOptimalThreadMapINS1J_15OutputTileShapeILi128ELi8ELi2ELi1ELi1EEENS1O_ILi1ELi8ELi1ELi1ELi8EEELi256ELi8ELi16EEENS_6half_tELb0ENSC_9NoPermuteELb0ELi4EEENS1I_4warp24FragmentIteratorTensorOpIS14_S18_iNS_5ArrayIiLi4ELb1EEES15_EENS1V_25TileIteratorTensorOpMixedIS14_S18_iLi32ELi16ELi8ELi8ELb0EEENS1J_23SharedLoadIteratorMixedINS1R_18CompactedThreadMapEiLi32ELi16ELi8ELi8ELb0EEENS1I_6thread17LinearCombinationIS1S_Li8EifLNS25_9ScaleType4KindE0ELNS_15FloatRoundStyleE2ES1S_EENSA_ILi0ELi8EEELi1ELi1EEENS1J_13TreeVisitor2xINS1J_15VisitorAuxStoreINS1J_22OutputTileThreadLayoutIS8_S14_S1S_Li8ELi1EEES1S_LS29_2EN4cute5tupleIJlNS2H_1CILi1EEElEEEEEJNS2D_INS1J_14VisitorComputeINS_4plusEffLS29_2EvEEJNS1J_14VisitorAuxLoadIS2G_S1S_S2L_EENS2D_INS2N_INS_10multipliesEffLS29_2EvEEJNS2D_IS2T_JNS1J_15VisitorAccFetchENS1J_22VisitorScalarBroadcastIfNS2I_IJNS2J_ILi0EEES2W_S2W_EEELi1ES2S_EEEEENS1J_19VisitorRowBroadcastIS2G_fNS2I_IJS2W_S2K_iEEELb1EEEEEEEEEEEELi1ELi1EEENS10_30GemmIdentityThreadblockSwizzleILi1EEELNS3_8OperatorE0ENS3_17Conv2dProblemSizeEEEEEvNT_6ParamsE,0.0,0.0,0.0,24.0426,0.0,24.0426
void cutlass::Kernel2<cutlass_80_wmma_tensorop_f16_s161616gemm_f16_32x32_32x1_nn_align8>(cutlass_80_wmma_tensorop_f16_s161616gemm_f16_32x32_32x1_nn_align8::Params),20.0868,0.0,0.0,0.0,0.0,20.0868
void cutlass::Kernel2<cutlass_80_wmma_tensorop_f16_s161616gemm_f16_32x32_128x2_nn_align8>(cutlass_80_wmma_tensorop_f16_s161616gemm_f16_32x32_128x2_nn_align8::Params),19.4652,0.0,0.0,0.0,0.0,19.4652
"void gn_group_stats_kernel<__half>(__half const*, float*, float*, int, long, int, float)",0.0,0.0,0.0,9.4761,9.3882,18.8643
"void group_norm_silu_quantize_nhwc_kernel<__half>(__half const*, signed char*, __half const*, __half const*, __half const*, __half const*, float const*, float const*, int, long, int, float, bool)",0.0,15.0409,0.0,0.0,0.0,15.0409
"void group_norm_silu_quantize_pack_nhwc_kernel<__half>(__half const*, signed char*, __half const*, __half const*, __half const*, __half const*, float const*, float const*, int, long, int, float, bool)",0.0,0.0,14.4046,0.0,0.0,14.4046
"gemm_w8a8_kernel_awq(signed char const*, signed char const*, float const*, float, __half*, int, int, int, int, __half const*, __half const*)",0.0,7.1058,0.0,7.0721,0.0,14.1778
"void at::native::elementwise_kernel<128, 4, at::native::gpu_kernel_impl_nocast<at::native::direct_copy_kernel_cuda(at::TensorIteratorBase&)::{lambda()#3}::operator()() const::{lambda()#10}::operator()() const::{lambda(c10::Half)#1}>(at::TensorIteratorBase&, at::native::direct_copy_kernel_cuda(at::TensorIteratorBase&)::{lambda()#3}::operator()() const::{lambda()#10}::operator()() const::{lambda(c10::Half)#1} const&)::{lambda(int)#1}>(int, at::native::gpu_kernel_impl_nocast<at::native::direct_copy_kernel_cuda(at::TensorIteratorBase&)::{lambda()#3}::operator()() const::{lambda()#10}::operator()() const::{lambda(c10::Half)#1}>(at::TensorIteratorBase&, at::native::direct_copy_kernel_cuda(at::TensorIteratorBase&)::{lambda()#3}::operator()() const::{lambda()#10}::operator()() const::{lambda(c10::Half)#1} const&)::{lambda(int)#1})",8.5934,0.863,1.6999,1.1,1.6826,13.9389
void cutlass__5x_cudnn::Kernel<cutlass_tensorop_f16_s16816fprop_optimized_f16_128x128_32x3_nhwc_align8>(cutlass_tensorop_f16_s16816fprop_optimized_f16_128x128_32x3_nhwc_align8::Params),13.4379,0.0,0.0,0.0,0.0,13.4379
_ZN7cutlass6KernelIN6modiff26ImplicitGemmConvolutionEVTINS_4conv11threadblock22ImplicitGemmMultistageINS_4gemm9GemmShapeILi128ELi128ELi128EEENS4_48Conv2dFpropActivationTileAccessIteratorOptimizedINS_11MatrixShapeILi128ELi128EEEaNS_6layout10TensorNHWCENS_9transform29PitchLinearWarpRakedThreadMapINS_16PitchLinearShapeILi128ELi128EEELi256ENSG_ILi8ELi4EEELi16EEENS_12AlignedArrayIaLi16ELi16EEEEENSE_11threadblock25RegularTileAccessIteratorISB_aNSC_37RowMajorTensorOpMultiplicandCrosswiseILi8ELi128EEELi0ESJ_Li16EEELNS_4arch14CacheOperation4KindE0ENS4_44Conv2dFpropFilterTileAccessIteratorOptimizedISB_aSD_SJ_SL_Lb0EEENSO_ISB_aNSC_40ColumnMajorTensorOpMultiplicandCrosswiseILi8ELi128EEELi1ESJ_Li16EEELSU_1ENS6_11threadblock9MmaPolicyINS6_4warp11MmaTensorOpINS7_ILi64ELi64ELi64EEEaSQ_aSY_iNSC_8RowMajorENS12_17MmaTensorOpPolicyINSS_3MmaINS7_ILi16ELi8ELi32EEELi32EaS15_aNSC_11ColumnMajorEiS15_NSS_21OpMultiplyAddSaturateEEENSA_ILi1ELi1EEEEELi2ELb0EbEENSA_ILi0ELi0EEES1F_Li2EEELi3EbEENS_8epilogue11threadblock28EpilogueWithVisitorCallbacksINS1J_8EpilogueIS8_S1E_Li2ENS1J_26PredicatedTileIteratorConvINS1J_26OutputTileOptimalThreadMapINS1J_15OutputTileShapeILi128ELi8ELi2ELi1ELi1EEENS1O_ILi1ELi8ELi1ELi1ELi8EEELi256ELi8ELi16EEENS_6half_tELb0ENSC_9NoPermuteELb0ELi4EEENS1I_4warp24FragmentIteratorTensorOpIS14_S18_iNS_5ArrayIiLi4ELb1EEES15_EENS1V_25TileIteratorTensorOpMixedIS14_S18_iLi32ELi16ELi8ELi8ELb0EEENS1J_23SharedLoadIteratorMixedINS1R_18CompactedThreadMapEiLi32ELi16ELi8ELi8ELb0EEENS1I_6thread17LinearCombinationIS1S_Li8EifLNS25_9ScaleType4KindE0ELNS_15FloatRoundStyleE2ES1S_EENSA_ILi0ELi8EEELi1ELi1EEENS1J_13TreeVisitor2xINS1J_15VisitorAuxStoreINS1J_22OutputTileThreadLayoutIS8_S14_S1S_Li8ELi1EEES1S_LS29_2EN4cute5tupleIJlNS2H_1CILi1EEElEEEEEJNS2D_INS1J_14VisitorComputeINS_4plusEffLS29_2EvEEJNS2D_INS2N_INS_10multipliesEffLS29_2EvEEJNS2D_IS2R_JNS1J_15VisitorAccFetchENS1J_22VisitorScalarBroadcastIfNS2I_IJNS2J_ILi0EEES2U_S2U_EEELi1ES2Q_EEEEENS1J_19VisitorRowBroadcastIS2G_fNS2I_IJS2U_S2K_iEEELb1EEEEEES30_EEEEEELi1ELi1EEENS10_30GemmIdentityThreadblockSwizzleILi1EEELNS3_8OperatorE0ENS3_17Conv2dProblemSizeEEEEEvNT_6ParamsE,0.0,13.4287,0.0,0.0,0.0,13.4287
"gemm_w4a4_kernel_awq(signed char const*, signed char const*, float const*, float, __half*, int, int, int, int, __half const*, __half const*)",0.0,0.0,6.0503,0.0,6.0342,12.0845
"void at::native::(anonymous namespace)::upsample_nearest2d_nhwc_out_frame<float, &at::native::nearest_neighbor_compute_source_index>(float const*, float*, unsigned long, unsigned long, unsigned long, unsigned long, unsigned long, float, float, unsigned long)",2.4243,2.4215,2.4103,2.4079,2.3927,12.0567
_ZN7cutlass6KernelIN6modiff26ImplicitGemmConvolutionEVTINS_4conv11threadblock22ImplicitGemmMultistageINS_4gemm9GemmShapeILi128ELi128ELi128EEENS4_48Conv2dFpropActivationTileAccessIteratorOptimizedINS_11MatrixShapeILi128ELi128EEENS_15integer_subbyteILi4ELb1EEENS_6layout10TensorNHWCENS_9transform29PitchLinearWarpRakedThreadMapINS_16PitchLinearShapeILi128ELi128EEELi128ENSI_ILi4ELi8EEELi32EEENS_12AlignedArrayISD_Li32ELi16EEEEENSG_11threadblock25RegularTileAccessIteratorISB_SD_NSE_37RowMajorTensorOpMultiplicandCrosswiseILi4ELi128EEELi0ESL_Li16EEELNS_4arch14CacheOperation4KindE0ENS4_44Conv2dFpropFilterTileAccessIteratorOptimizedISB_SD_SF_SL_SN_Lb0EEENSQ_ISB_SD_NSE_40ColumnMajorTensorOpMultiplicandCrosswiseILi4ELi128EEELi1ESL_Li16EEELSW_1ENS6_11threadblock9MmaPolicyINS6_4warp11MmaTensorOpINS7_ILi64ELi64ELi128EEESD_SS_SD_S10_iNSE_8RowMajorENS14_17MmaTensorOpPolicyINSU_3MmaINS7_ILi16ELi8ELi64EEELi32ESD_S17_SD_NSE_11ColumnMajorEiS17_NSU_21OpMultiplyAddSaturateEEENSA_ILi1ELi1EEEEELi1ELb0EbEENSA_ILi0ELi0EEES1H_Li1EEELi3EbEENS_8epilogue11threadblock28EpilogueWithVisitorCallbacksINS1L_8EpilogueIS8_S1G_Li1ENS1L_26PredicatedTileIteratorConvINS1L_26OutputTileOptimalThreadMapINS1L_15OutputTileShapeILi128ELi8ELi2ELi1ELi1EEENS1Q_ILi1ELi8ELi1ELi1ELi8EEELi128ELi8ELi16EEENS_6half_tELb0ENSE_9NoPermuteELb0ELi4EEENS1K_4warp24FragmentIteratorTensorOpIS16_S1A_iNS_5ArrayIiLi4ELb1EEES17_EENS1X_25TileIteratorTensorOpMixedIS16_S1A_iLi32ELi16ELi8ELi8ELb0EEENS1L_23SharedLoadIteratorMixedINS1T_18CompactedThreadMapEiLi32ELi16ELi8ELi8ELb0EEENS1K_6thread17LinearCombinationIS1U_Li8EifLNS27_9ScaleType4KindE0ELNS_15FloatRoundStyleE2ES1U_EENSA_ILi0ELi8EEELi2ELi1EEENS1L_13TreeVisitor2xINS1L_15VisitorAuxStoreINS1L_22OutputTileThreadLayoutIS8_S16_S1U_Li8ELi1EEES1U_LS2B_2EN4cute5tupleIJlNS2J_1CILi1EEElEEEEEJNS2F_INS1L_14VisitorComputeINS_4plusEffLS2B_2EvEEJNS1L_14VisitorAuxLoadIS2I_S1U_S2N_EENS2F_INS2P_INS_10multipliesEffLS2B_2EvEEJNS2F_IS2V_JNS1L_15VisitorAccFetchENS1L_22VisitorScalarBroadcastIfNS2K_IJNS2L_ILi0EEES2Y_S2Y_EEELi1ES2U_EEEEENS1L_19VisitorRowBroadcastIS2I_fNS2K_IJS2Y_S2M_iEEELb1EEEEEEEEEEEELi1ELi1EEENS12_30GemmIdentityThreadblockSwizzleILi1EEELNS3_8OperatorE0ENS3_17Conv2dProblemSizeEEEEEvNT_6ParamsE,0.0,0.0,0.0,0.0,11.5455,11.5455
"void gn_apply_delta_quantize_flat_kernel<__half>(__half const*, __half*, signed char*, __half const*, __half const*, __half const*, __half const*, float const*, float const*, float const*, float const*, int, int, long, long, bool)",0.0,0.0,0.0,11.4165,0.0,11.4165
"void at::native::elementwise_kernel<128, 4, at::native::gpu_kernel_impl_nocast<at::native::CUDAFunctor_add<c10::Half> >(at::TensorIteratorBase&, at::native::CUDAFunctor_add<c10::Half> const&)::{lambda(int)#1}>(int, at::native::gpu_kernel_impl_nocast<at::native::CUDAFunctor_add<c10::Half> >(at::TensorIteratorBase&, at::native::CUDAFunctor_add<c10::Half> const&)::{lambda(int)#1})",5.8388,1.2906,1.2911,1.2936,1.2914,11.0055
"void at::native::vectorized_elementwise_kernel<4, at::native::CUDAFunctor_add<c10::Half>, at::detail::Array<char*, 3> >(int, at::native::CUDAFunctor_add<c10::Half>, at::detail::Array<char*, 3>)",4.6063,0.0,0.0,3.1018,3.1147,10.8228
void cutlass__5x_cudnn::Kernel<cutlass_tensorop_f16_s16816fprop_optimized_f16_128x64_64x3_nhwc_align8>(cutlass_tensorop_f16_s16816fprop_optimized_f16_128x64_64x3_nhwc_align8::Params),10.8212,0.0,0.0,0.0,0.0,10.8212
"void at::native::(anonymous namespace)::CatArrayBatchedCopy_contig<at::native::(anonymous namespace)::OpaqueType<2u>, unsigned int, 4, 128, 1>(at::native::(anonymous namespace)::OpaqueType<2u>*, at::native::(anonymous namespace)::CatArrInputTensorMetadata<at::native::(anonymous namespace)::OpaqueType<2u>, unsigned int, 128, 1>, at::native::(anonymous namespace)::TensorSizeStride<unsigned int, 4u>, int, unsigned int)",1.4037,2.3036,2.3013,2.3021,2.2987,10.6094
_ZN7cutlass6KernelIN6modiff26ImplicitGemmConvolutionEVTINS_4conv11threadblock22ImplicitGemmMultistageINS_4gemm9GemmShapeILi128ELi128ELi128EEENS4_48Conv2dFpropActivationTileAccessIteratorOptimizedINS_11MatrixShapeILi128ELi128EEEaNS_6layout10TensorNHWCENS_9transform29PitchLinearWarpRakedThreadMapINS_16PitchLinearShapeILi128ELi128EEELi256ENSG_ILi8ELi4EEELi16EEENS_12AlignedArrayIaLi16ELi16EEEEENSE_11threadblock25RegularTileAccessIteratorISB_aNSC_37RowMajorTensorOpMultiplicandCrosswiseILi8ELi128EEELi0ESJ_Li16EEELNS_4arch14CacheOperation4KindE0ENS4_44Conv2dFpropFilterTileAccessIteratorOptimizedISB_aSD_SJ_SL_Lb0EEENSO_ISB_aNSC_40ColumnMajorTensorOpMultiplicandCrosswiseILi8ELi128EEELi1ESJ_Li16EEELSU_1ENS6_11threadblock9MmaPolicyINS6_4warp11MmaTensorOpINS7_ILi64ELi64ELi64EEEaSQ_aSY_iNSC_8RowMajorENS12_17MmaTensorOpPolicyINSS_3MmaINS7_ILi16ELi8ELi32EEELi32EaS15_aNSC_11ColumnMajorEiS15_NSS_21OpMultiplyAddSaturateEEENSA_ILi1ELi1EEEEELi2ELb0EbEENSA_ILi0ELi0EEES1F_Li2EEELi3EbEENS_8epilogue11threadblock28EpilogueWithVisitorCallbacksINS1J_8EpilogueIS8_S1E_Li2ENS1J_26PredicatedTileIteratorConvINS1J_26OutputTileOptimalThreadMapINS1J_15OutputTileShapeILi128ELi8ELi2ELi1ELi1EEENS1O_ILi1ELi8ELi1ELi1ELi8EEELi256ELi8ELi16EEENS_6half_tELb0ENSC_9NoPermuteELb0ELi4EEENS1I_4warp24FragmentIteratorTensorOpIS14_S18_iNS_5ArrayIiLi4ELb1EEES15_EENS1V_25TileIteratorTensorOpMixedIS14_S18_iLi32ELi16ELi8ELi8ELb0EEENS1J_23SharedLoadIteratorMixedINS1R_18CompactedThreadMapEiLi32ELi16ELi8ELi8ELb0EEENS1I_6thread17LinearCombinationIS1S_Li8EifLNS25_9ScaleType4KindE0ELNS_15FloatRoundStyleE2ES1S_EENSA_ILi0ELi8EEELi1ELi1EEENS1J_13TreeVisitor2xINS1J_15VisitorAuxStoreINS1J_22OutputTileThreadLayoutIS8_S14_S1S_Li8ELi1EEES1S_LS29_2EN4cute5tupleIJlNS2H_1CILi1EEElEEEEEJNS2D_INS1J_14VisitorComputeINS_4plusEffLS29_2EvEEJNS2D_IS2P_JNS2D_INS2N_INS_10multipliesEffLS29_2EvEEJNS2D_IS2R_JNS1J_15VisitorAccFetchENS1J_22VisitorScalarBroadcastIfNS2I_IJNS2J_ILi0EEES2U_S2U_EEELi1ES2Q_EEEEENS1J_19VisitorRowBroadcastIS2G_fNS2I_IJS2U_S2K_iEEELb1EEEEEES30_EEENS1J_14VisitorAuxLoadIS2G_S1S_S2L_EEEEEEEELi1ELi1EEENS10_30GemmIdentityThreadblockSwizzleILi1EEELNS3_8OperatorE0ENS3_17Conv2dProblemSizeEEEEEvNT_6ParamsE,0.0,10.6054,0.0,0.0,0.0,10.6054
"void aq_qtok_packed_static_kernel<4>(__half const*, signed char*, float*, int, int, int, int, float, int, int)",0.0,0.0,5.2154,0.0,5.1824,10.3978
"void aq_qtok_packed_static_kernel<8>(__half const*, signed char*, float*, int, int, int, int, float, int, int)",0.0,5.207,0.0,4.978,0.0,10.185
"aq_vquant_trans_packed_tiled_kernel(__half const*, float const*, signed char*, int, int, int, int)",0.0,2.1879,2.2038,2.0531,2.1909,8.6358
"void at::native::unrolled_elementwise_kernel<at::native::direct_copy_kernel_cuda(at::TensorIteratorBase&)::{lambda()#3}::operator()() const::{lambda()#10}::operator()() const::{lambda(c10::Half)#1}, at::detail::Array<char*, 2>, TrivialOffsetCalculator<1, unsigned int>, TrivialOffsetCalculator<1, unsigned int>, at::native::memory::LoadWithCast<1>, at::native::memory::StoreWithCast<1> >(int, at::native::direct_copy_kernel_cuda(at::TensorIteratorBase&)::{lambda()#3}::operator()() const::{lambda()#10}::operator()() const::{lambda(c10::Half)#1}, at::detail::Array<char*, 2>, TrivialOffsetCalculator<1, unsigned int>, TrivialOffsetCalculator<1, unsigned int>, at::native::memory::LoadWithCast<1>, at::native::memory::StoreWithCast<1>)",3.4971,1.0352,1.1602,1.2502,1.153,8.0957
"void gn_apply_delta_quantize_pack_flat_kernel<__half>(__half const*, __half*, signed char*, __half const*, __half const*, __half const*, __half const*, float const*, float const*, float const*, float const*, int, int, long, long, bool)",0.0,0.0,0.0,0.0,7.7399,7.7399
_ZN7cutlass6KernelIN6modiff26ImplicitGemmConvolutionEVTINS_4conv11threadblock22ImplicitGemmMultistageINS_4gemm9GemmShapeILi128ELi128ELi128EEENS4_48Conv2dFpropActivationTileAccessIteratorOptimizedINS_11MatrixShapeILi128ELi128EEENS_15integer_subbyteILi4ELb1EEENS_6layout10TensorNHWCENS_9transform29PitchLinearWarpRakedThreadMapINS_16PitchLinearShapeILi128ELi128EEELi128ENSI_ILi4ELi8EEELi32EEENS_12AlignedArrayISD_Li32ELi16EEEEENSG_11threadblock25RegularTileAccessIteratorISB_SD_NSE_37RowMajorTensorOpMultiplicandCrosswiseILi4ELi128EEELi0ESL_Li16EEELNS_4arch14CacheOperation4KindE0ENS4_44Conv2dFpropFilterTileAccessIteratorOptimizedISB_SD_SF_SL_SN_Lb0EEENSQ_ISB_SD_NSE_40ColumnMajorTensorOpMultiplicandCrosswiseILi4ELi128EEELi1ESL_Li16EEELSW_1ENS6_11threadblock9MmaPolicyINS6_4warp11MmaTensorOpINS7_ILi64ELi64ELi128EEESD_SS_SD_S10_iNSE_8RowMajorENS14_17MmaTensorOpPolicyINSU_3MmaINS7_ILi16ELi8ELi64EEELi32ESD_S17_SD_NSE_11ColumnMajorEiS17_NSU_21OpMultiplyAddSaturateEEENSA_ILi1ELi1EEEEELi1ELb0EbEENSA_ILi0ELi0EEES1H_Li1EEELi3EbEENS_8epilogue11threadblock28EpilogueWithVisitorCallbacksINS1L_8EpilogueIS8_S1G_Li1ENS1L_26PredicatedTileIteratorConvINS1L_26OutputTileOptimalThreadMapINS1L_15OutputTileShapeILi128ELi8ELi2ELi1ELi1EEENS1Q_ILi1ELi8ELi1ELi1ELi8EEELi128ELi8ELi16EEENS_6half_tELb0ENSE_9NoPermuteELb0ELi4EEENS1K_4warp24FragmentIteratorTensorOpIS16_S1A_iNS_5ArrayIiLi4ELb1EEES17_EENS1X_25TileIteratorTensorOpMixedIS16_S1A_iLi32ELi16ELi8ELi8ELb0EEENS1L_23SharedLoadIteratorMixedINS1T_18CompactedThreadMapEiLi32ELi16ELi8ELi8ELb0EEENS1K_6thread17LinearCombinationIS1U_Li8EifLNS27_9ScaleType4KindE0ELNS_15FloatRoundStyleE2ES1U_EENSA_ILi0ELi8EEELi2ELi1EEENS1L_13TreeVisitor2xINS1L_15VisitorAuxStoreINS1L_22OutputTileThreadLayoutIS8_S16_S1U_Li8ELi1EEES1U_LS2B_2EN4cute5tupleIJlNS2J_1CILi1EEElEEEEEJNS2F_INS1L_14VisitorComputeINS_4plusEffLS2B_2EvEEJNS2F_INS2P_INS_10multipliesEffLS2B_2EvEEJNS2F_IS2T_JNS1L_15VisitorAccFetchENS1L_22VisitorScalarBroadcastIfNS2K_IJNS2L_ILi0EEES2W_S2W_EEELi1ES2S_EEEEENS1L_19VisitorRowBroadcastIS2I_fNS2K_IJS2W_S2M_iEEELb1EEEEEES32_EEEEEELi1ELi1EEENS12_30GemmIdentityThreadblockSwizzleILi1EEELNS3_8OperatorE0ENS3_17Conv2dProblemSizeEEEEEvNT_6ParamsE,0.0,0.0,6.4589,0.0,0.0,6.4589
_ZN7cutlass6KernelINS_4conv6kernel38ImplicitGemmConvolutionFusionPerSampleINS1_11threadblock33ImplicitGemmFpropFusionMultistageINS_4gemm9GemmShapeILi128ELi256ELi32EEENS4_48Conv2dFpropActivationTileAccessIteratorOptimizedINS_11MatrixShapeILi128ELi32EEENS_6half_tENS_6layout10TensorNHWCENS_9transform29PitchLinearWarpRakedThreadMapINS_16PitchLinearShapeILi32ELi128EEELi256ENSH_ILi4ELi8EEELi8EEENS_12AlignedArrayISC_Li8ELi16EEEEENSF_11threadblock25RegularTileAccessIteratorISB_SC_NSD_37RowMajorTensorOpMultiplicandCrosswiseILi16ELi32EEELi0ESK_Li16EEELNS_4arch14CacheOperation4KindE0ENS4_44Conv2dFpropFilterTileAccessIteratorOptimizedINSA_ILi32ELi256EEESC_SE_NSG_INSH_ILi32ELi256EEELi256ESJ_Li8EEESM_Lb0EEENSP_ISX_SC_NSD_40ColumnMajorTensorOpMultiplicandCrosswiseILi16ELi32EEELi1ESZ_Li16EEELSV_1ENS4_39PredicatedScaleBiasVectorAccessIteratorINSA_ILi1ELi32EEESC_NSD_8RowMajorEEENSO_36RegularScaleBiasVectorAccessIteratorIS15_SC_S16_EELSV_0ENS6_11threadblock9MmaPolicyINS6_4warp11MmaTensorOpINS7_ILi64ELi64ELi32EEESC_SR_SC_S12_fS16_NS1C_17MmaTensorOpPolicyINST_3MmaINS7_ILi16ELi8ELi16EEELi32ESC_S16_SC_NSD_11ColumnMajorEfS16_NST_13OpMultiplyAddEEENSA_ILi1ELi1EEEEELi1ELb0EbEENSA_ILi0ELi0EEES1O_Li1EEENS1C_21ScaleBiasTileIteratorINSA_ILi64ELi32EEESC_S16_NSA_ILi16ELi16EEENS1C_35MmaTensorOpMultiplicandTileIteratorINSH_ILi32ELi64EEELNS6_7OperandE0ESC_NSD_29TensorOpMultiplicandCrosswiseILi16ELi32EEENSH_ILi16ELi16EEELi1ELi32ELi1EE6PolicyELi32ELi1EEELi3EbEENS_8epilogue11threadblock8EpilogueIS8_S1N_Li1ENS24_22PredicatedTileIteratorINS24_26OutputTileOptimalThreadMapINS24_15OutputTileShapeILi256ELi8ELi2ELi1ELi1EEENS28_ILi1ELi8ELi1ELi1ELi8EEELi256ELi8ELi16EEESC_Lb0ENSD_9NoPermuteELb0EEENS23_4warp24FragmentIteratorTensorOpIS1E_S1H_fNS_5ArrayIfLi4ELb1EEES16_EENS2E_25TileIteratorTensorOpMixedIS1E_S1H_fLi32ELi16ELi8ELi8ELb0EEENS24_23SharedLoadIteratorMixedINS2B_18CompactedThreadMapEfLi32ELi16ELi8ELi8ELb0EEENS23_6thread17LinearCombinationISC_Li8EffLNS2O_9ScaleType4KindE0ELNS_15FloatRoundStyleE2ESC_EENSA_ILi0ELi8EEELi2ELi1EEENS1A_30GemmIdentityThreadblockSwizzleILi1EEELNS1_8OperatorE0ENS1_17Conv2dProblemSizeEEEEEvNT_6ParamsE,5.3406,0.0,0.0,0.0,0.0,5.3406
_ZN7cutlass6KernelIN6modiff26ImplicitGemmConvolutionEVTINS_4conv11threadblock22ImplicitGemmMultistageINS_4gemm9GemmShapeILi128ELi128ELi128EEENS4_48Conv2dFpropActivationTileAccessIteratorOptimizedINS_11MatrixShapeILi128ELi128EEENS_15integer_subbyteILi4ELb1EEENS_6layout10TensorNHWCENS_9transform29PitchLinearWarpRakedThreadMapINS_16PitchLinearShapeILi128ELi128EEELi128ENSI_ILi4ELi8EEELi32EEENS_12AlignedArrayISD_Li32ELi16EEEEENSG_11threadblock25RegularTileAccessIteratorISB_SD_NSE_37RowMajorTensorOpMultiplicandCrosswiseILi4ELi128EEELi0ESL_Li16EEELNS_4arch14CacheOperation4KindE0ENS4_44Conv2dFpropFilterTileAccessIteratorOptimizedISB_SD_SF_SL_SN_Lb0EEENSQ_ISB_SD_NSE_40ColumnMajorTensorOpMultiplicandCrosswiseILi4ELi128EEELi1ESL_Li16EEELSW_1ENS6_11threadblock9MmaPolicyINS6_4warp11MmaTensorOpINS7_ILi64ELi64ELi128EEESD_SS_SD_S10_iNSE_8RowMajorENS14_17MmaTensorOpPolicyINSU_3MmaINS7_ILi16ELi8ELi64EEELi32ESD_S17_SD_NSE_11ColumnMajorEiS17_NSU_21OpMultiplyAddSaturateEEENSA_ILi1ELi1EEEEELi1ELb0EbEENSA_ILi0ELi0EEES1H_Li1EEELi3EbEENS_8epilogue11threadblock28EpilogueWithVisitorCallbacksINS1L_8EpilogueIS8_S1G_Li1ENS1L_26PredicatedTileIteratorConvINS1L_26OutputTileOptimalThreadMapINS1L_15OutputTileShapeILi128ELi8ELi2ELi1ELi1EEENS1Q_ILi1ELi8ELi1ELi1ELi8EEELi128ELi8ELi16EEENS_6half_tELb0ENSE_9NoPermuteELb0ELi4EEENS1K_4warp24FragmentIteratorTensorOpIS16_S1A_iNS_5ArrayIiLi4ELb1EEES17_EENS1X_25TileIteratorTensorOpMixedIS16_S1A_iLi32ELi16ELi8ELi8ELb0EEENS1L_23SharedLoadIteratorMixedINS1T_18CompactedThreadMapEiLi32ELi16ELi8ELi8ELb0EEENS1K_6thread17LinearCombinationIS1U_Li8EifLNS27_9ScaleType4KindE0ELNS_15FloatRoundStyleE2ES1U_EENSA_ILi0ELi8EEELi2ELi1EEENS1L_13TreeVisitor2xINS1L_15VisitorAuxStoreINS1L_22OutputTileThreadLayoutIS8_S16_S1U_Li8ELi1EEES1U_LS2B_2EN4cute5tupleIJlNS2J_1CILi1EEElEEEEEJNS2F_INS1L_14VisitorComputeINS_4plusEffLS2B_2EvEEJNS2F_IS2R_JNS2F_INS2P_INS_10multipliesEffLS2B_2EvEEJNS2F_IS2T_JNS1L_15VisitorAccFetchENS1L_22VisitorScalarBroadcastIfNS2K_IJNS2L_ILi0EEES2W_S2W_EEELi1ES2S_EEEEENS1L_19VisitorRowBroadcastIS2I_fNS2K_IJS2W_S2M_iEEELb1EEEEEES32_EEENS1L_14VisitorAuxLoadIS2I_S1U_S2N_EEEEEEEELi1ELi1EEENS12_30GemmIdentityThreadblockSwizzleILi1EEELNS3_8OperatorE0ENS3_17Conv2dProblemSizeEEEEEvNT_6ParamsE,0.0,0.0,5.0885,0.0,0.0,5.0885
sm80_xmma_fprop_implicit_gemm_f16f16_f16f32_f32_nhwckrsc_nhwc_tilesize128x64x32_stage5_warpsize2x2x1_g1_tensor16x8x16_execute_kernel__5x_cudnn,0.9716,0.9616,0.9638,0.9663,0.9644,4.8278
"void at::native::elementwise_kernel<128, 4, at::native::gpu_kernel_impl_nocast<at::native::AUnaryFunctor<c10::Half, c10::Half, c10::Half, at::native::binary_internal::MulFunctor<float> > >(at::TensorIteratorBase&, at::native::AUnaryFunctor<c10::Half, c10::Half, c10::Half, at::native::binary_internal::MulFunctor<float> > const&)::{lambda(int)#1}>(int, at::native::gpu_kernel_impl_nocast<at::native::AUnaryFunctor<c10::Half, c10::Half, c10::Half, at::native::binary_internal::MulFunctor<float> > >(at::TensorIteratorBase&, at::native::AUnaryFunctor<c10::Half, c10::Half, c10::Half, at::native::binary_internal::MulFunctor<float> > const&)::{lambda(int)#1})",3.8123,0.2229,0.163,0.3978,0.1613,4.7573
"void at::native::(anonymous namespace)::avg_pool2d_out_cuda_frame_nhwc<c10::Half, float>(int, c10::Half const*, long, long, long, int, int, int, int, int, int, int, int, c10::Half*, int, bool, bool)",0.8886,0.8843,0.875,0.8779,0.8689,4.3947
"void at::native::elementwise_kernel<128, 2, at::native::gpu_kernel_impl_nocast<at::native::direct_copy_kernel_cuda(at::TensorIteratorBase&)::{lambda()#3}::operator()() const::{lambda()#7}::operator()() const::{lambda(float)#1}>(at::TensorIteratorBase&, at::native::direct_copy_kernel_cuda(at::TensorIteratorBase&)::{lambda()#3}::operator()() const::{lambda()#7}::operator()() const::{lambda(float)#1} const&)::{lambda(int)#1}>(int, at::native::gpu_kernel_impl_nocast<at::native::direct_copy_kernel_cuda(at::TensorIteratorBase&)::{lambda()#3}::operator()() const::{lambda()#7}::operator()() const::{lambda(float)#1}>(at::TensorIteratorBase&, at::native::direct_copy_kernel_cuda(at::TensorIteratorBase&)::{lambda()#3}::operator()() const::{lambda()#7}::operator()() const::{lambda(float)#1} const&)::{lambda(int)#1})",1.4455,0.5138,0.5184,0.4902,0.5162,3.4842
"void at::native::unrolled_elementwise_kernel<at::native::direct_copy_kernel_cuda(at::TensorIteratorBase&)::{lambda()#3}::operator()() const::{lambda()#7}::operator()() const::{lambda(float)#1}, at::detail::Array<char*, 2>, TrivialOffsetCalculator<1, unsigned int>, TrivialOffsetCalculator<1, unsigned int>, at::native::memory::LoadWithCast<1>, at::native::memory::StoreWithCast<1> >(int, at::native::direct_copy_kernel_cuda(at::TensorIteratorBase&)::{lambda()#3}::operator()() const::{lambda()#7}::operator()() const::{lambda(float)#1}, at::detail::Array<char*, 2>, TrivialOffsetCalculator<1, unsigned int>, TrivialOffsetCalculator<1, unsigned int>, at::native::memory::LoadWithCast<1>, at::native::memory::StoreWithCast<1>)",0.6519,0.6504,0.6506,0.7683,0.65,3.3711
"void group_norm_silu_nhwc_kernel<float>(float const*, float*, float const*, float const*, float const*, float const*, int, long, int, float, bool)",2.9024,0.0,0.0,0.0,0.0,2.9024
sm80_xmma_fprop_implicit_gemm_f16f16_f16f32_f32_nhwckrsc_nhwc_tilesize256x128x32_stage3_warpsize4x2x1_g1_tensor16x8x16_execute_kernel__5x_cudnn,2.7966,0.0,0.0,0.0,0.0,2.7966
void cutlass__5x_cudnn::Kernel<cutlass_tensorop_f16_s16816fprop_optimized_f16_64x64_64x5_nhwc_align8>(cutlass_tensorop_f16_s16816fprop_optimized_f16_64x64_64x5_nhwc_align8::Params),2.6732,0.0,0.0,0.0,0.0,2.6732
"quant_act_int8_kernel(__half const*, signed char*, float, long)",0.0,1.3117,0.0,1.3048,0.0,2.6166
"void (anonymous namespace)::softmax_warp_forward<c10::Half, c10::Half, float, 8, false, false>(c10::Half*, c10::Half const*, int, int, int, bool const*, int, bool)",2.4176,0.0,0.0,0.0,0.0,2.4176
"quant_act_int4_pack_kernel(__half const*, signed char*, float, int, long)",0.0,0.0,1.1442,0.0,1.1409,2.2851
void cutlass__5x_cudnn::Kernel<cutlass_tensorop_f16_s16816fprop_optimized_f16_256x64_32x4_nhwc_align8>(cutlass_tensorop_f16_s16816fprop_optimized_f16_256x64_32x4_nhwc_align8::Params),2.1291,0.0,0.0,0.0,0.0,2.1291
"void at::native::vectorized_elementwise_kernel<4, at::native::(anonymous namespace)::silu_kernel(at::TensorIteratorBase&)::{lambda()#1}::operator()() const::{lambda()#2}::operator()() const::{lambda(float)#1}, at::detail::Array<char*, 2> >(int, at::native::(anonymous namespace)::silu_kernel(at::TensorIteratorBase&)::{lambda()#1}::operator()() const::{lambda()#2}::operator()() const::{lambda(float)#1}, at::detail::Array<char*, 2>)",0.3563,0.3558,0.3558,0.4715,0.4753,2.0147
void cutlass__5x_cudnn::Kernel<cutlass_tensorop_f16_s16816fprop_optimized_f16_64x128_32x6_nhwc_align8>(cutlass_tensorop_f16_s16816fprop_optimized_f16_64x128_32x6_nhwc_align8::Params),1.8343,0.0,0.0,0.0,0.0,1.8343
"void at::native::elementwise_kernel<128, 2, at::native::gpu_kernel_impl_nocast<at::native::(anonymous namespace)::GroupNormKernelImplInternal<float>(at::Tensor const&, at::Tensor const&, at::Tensor const&, long, long, long, long, float, at::Tensor&, at::Tensor&, at::Tensor&)::{lambda(float, float, float)#2}>(at::TensorIteratorBase&, at::native::(anonymous namespace)::GroupNormKernelImplInternal<float>(at::Tensor const&, at::Tensor const&, at::Tensor const&, long, long, long, long, float, at::Tensor&, at::Tensor&, at::Tensor&)::{lambda(float, float, float)#2} const&)::{lambda(int)#1}>(int, at::native::gpu_kernel_impl_nocast<at::native::(anonymous namespace)::GroupNormKernelImplInternal<float>(at::Tensor const&, at::Tensor const&, at::Tensor const&, long, long, long, long, float, at::Tensor&, at::Tensor&, at::Tensor&)::{lambda(float, float, float)#2}>(at::TensorIteratorBase&, at::native::(anonymous namespace)::GroupNormKernelImplInternal<float>(at::Tensor const&, at::Tensor const&, at::Tensor const&, long, long, long, long, float, at::Tensor&, at::Tensor&, at::Tensor&)::{lambda(float, float, float)#2} const&)::{lambda(int)#1})",0.3572,0.3571,0.3573,0.3567,0.3583,1.7866
sm86_xmma_fprop_implicit_gemm_f16f16_f16f32_f32_nhwckrsc_nhwc_tilesize128x128x32_stage3_warpsize2x2x1_g1_tensor16x8x16_t1r1s1_execute_kernel__5x_cudnn,0.3588,0.3572,0.3568,0.3556,0.3581,1.7865
ampere_fp16_s1688gemm_fp16_256x64_ldg8_f2f_stages_32x1_nn,1.66,0.0,0.0,0.0,0.0,1.66
ampere_fp16_s1688gemm_fp16_64x128_sliced1x2_ldg8_f2f_nn,1.6555,0.0,0.0,0.0,0.0,1.6555
ampere_fp16_s1688gemm_fp16_128x128_ldg8_relu_f2f_tn,1.3779,0.0,0.0,0.0,0.0,1.3779
"void at::native::unrolled_elementwise_kernel<at::native::CUDAFunctor_add<float>, at::detail::Array<char*, 3>, TrivialOffsetCalculator<2, unsigned int>, TrivialOffsetCalculator<1, unsigned int>, at::native::memory::LoadWithCast<2>, at::native::memory::StoreWithCast<1> >(int, at::native::CUDAFunctor_add<float>, at::detail::Array<char*, 3>, TrivialOffsetCalculator<2, unsigned int>, TrivialOffsetCalculator<1, unsigned int>, at::native::memory::LoadWithCast<2>, at::native::memory::StoreWithCast<1>)",1.2751,0.0,0.0,0.0,0.0,1.2751
"void at::native::(anonymous namespace)::RowwiseMomentsCUDAKernel<float>(long, float, float const*, float*, float*)",0.2331,0.2329,0.2328,0.2326,0.2324,1.1638
"void at::native::vectorized_elementwise_kernel<4, at::native::FillFunctor<c10::Half>, at::detail::Array<char*, 1> >(int, at::native::FillFunctor<c10::Half>, at::detail::Array<char*, 1>)",0.0,0.0,0.5809,0.0,0.5807,1.1617
sm80_xmma_fprop_implicit_gemm_f16f16_f16f32_f32_nhwckrsc_nhwc_tilesize128x32x32_stage4_warpsize4x1x1_g1_tensor16x8x16_execute_kernel__5x_cudnn,0.2366,0.2338,0.2287,0.2306,0.2245,1.1543
"void static_quantize_and_update_ahat_kernel_int8_half_cache<float>(float const*, __half*, signed char*, float const*, float const*, int, int)",0.0,0.0,0.0,1.1459,0.0,1.1459
_gemm_w4a4_kernel,0.0,0.0,0.5813,0.0,0.5442,1.1255
sm86_xmma_fprop_implicit_gemm_f16f16_f16f32_f32_nhwckrsc_nhwc_tilesize128x128x32_stage3_warpsize2x2x1_g1_tensor16x8x16_execute_kernel__5x_cudnn,0.2266,0.224,0.2236,0.2234,0.2242,1.1218
"void static_quantize_pack_and_update_ahat_kernel_int4_half_cache<float>(float const*, __half*, signed char*, float const*, float const*, int, int)",0.0,0.0,0.0,0.0,1.1089,1.1089
sm80_xmma_gemm_f16f16_f16f32_f32_tn_n_tilesize96x128x32_stage4_warpsize2x2x1_tensor16x8x16_kernel,0.4337,0.159,0.1565,0.1574,0.1559,1.0625
"void at::native::elementwise_kernel<128, 2, at::native::gpu_kernel_impl_nocast<at::native::BinaryFunctor<float, float, float, at::native::binary_internal::MulFunctor<float> > >(at::TensorIteratorBase&, at::native::BinaryFunctor<float, float, float, at::native::binary_internal::MulFunctor<float> > const&)::{lambda(int)#1}>(int, at::native::gpu_kernel_impl_nocast<at::native::BinaryFunctor<float, float, float, at::native::binary_internal::MulFunctor<float> > >(at::TensorIteratorBase&, at::native::BinaryFunctor<float, float, float, at::native::binary_internal::MulFunctor<float> > const&)::{lambda(int)#1})",0.0,0.0,1.0191,0.0,0.0,1.0191
sm86_xmma_fprop_implicit_gemm_f16f16_f16f32_f32_nhwckrsc_nhwc_tilesize64x128x32_stage4_warpsize2x2x1_g1_tensor16x8x16_execute_kernel__5x_cudnn,0.1948,0.1972,0.1958,0.1987,0.193,0.9796
"gn_accum_kernel(__half const*, float*, float*, int, int, int, int)",0.8688,0.0,0.0,0.0,0.0,0.8688
void cutlass::Kernel2<cutlass_80_wmma_tensorop_f16_s161616gemm_f16_32x32_64x1_nn_align8>(cutlass_80_wmma_tensorop_f16_s161616gemm_f16_32x32_64x1_nn_align8::Params),0.3774,0.0754,0.0,0.3019,0.0,0.7548
"scale_quantize_pack_kernel(float const*, signed char*, float const*, int)",0.0,0.0,0.6194,0.0,0.0,0.6194
void cutlass::Kernel2<cutlass_80_tensorop_f16_s16816gemm_relu_f16_128x256_32x3_tn_align8>(cutlass_80_tensorop_f16_s16816gemm_relu_f16_128x256_32x3_tn_align8::Params),0.6146,0.0,0.0,0.0,0.0,0.6146
"scale_quantize_int8_kernel(float const*, signed char*, float const*, int)",0.0,0.5896,0.0,0.0,0.0,0.5896
"void at::native::reduce_kernel<512, 1, at::native::ReduceOp<c10::Half, at::native::func_wrapper_t<c10::Half, at::native::MaxNanFunctor<c10::Half> >, unsigned int, c10::Half, 4> >(at::native::ReduceOp<c10::Half, at::native::func_wrapper_t<c10::Half, at::native::MaxNanFunctor<c10::Half> >, unsigned int, c10::Half, 4>)",0.0,0.0,0.5197,0.0,0.0,0.5197
sm80_xmma_fprop_implicit_gemm_indexed_wo_smem_f16f16_f16f32_f32_nhwckrsc_nhwc_tilesize128x32x16_stage1_warpsize4x1x1_g1_tensor16x8x16_aligna4_alignc8_execute_kernel__5x_cudnn,0.0968,0.0968,0.0974,0.0969,0.0972,0.4851
"void at::native::elementwise_kernel<128, 4, at::native::gpu_kernel_impl<at::native::direct_copy_kernel_cuda(at::TensorIteratorBase&)::{lambda()#3}::operator()() const::{lambda()#7}::operator()() const::{lambda(float)#1}>(at::TensorIteratorBase&, at::native::direct_copy_kernel_cuda(at::TensorIteratorBase&)::{lambda()#3}::operator()() const::{lambda()#7}::operator()() const::{lambda(float)#1} const&)::{lambda(int)#1}>(int, at::native::gpu_kernel_impl<at::native::direct_copy_kernel_cuda(at::TensorIteratorBase&)::{lambda()#3}::operator()() const::{lambda()#7}::operator()() const::{lambda(float)#1}>(at::TensorIteratorBase&, at::native::direct_copy_kernel_cuda(at::TensorIteratorBase&)::{lambda()#3}::operator()() const::{lambda()#7}::operator()() const::{lambda(float)#1} const&)::{lambda(int)#1})",0.4788,0.0,0.0,0.0,0.0,0.4788
sm80_xmma_gemm_f16f16_f16f32_f32_tn_n_tilesize32x32x64_stage6_warpsize2x2x1_tensor16x8x16_kernel,0.1568,0.1561,0.0,0.152,0.0,0.4649
"void at::native::vectorized_elementwise_kernel<4, at::native::CUDAFunctor_add<float>, at::detail::Array<char*, 3> >(int, at::native::CUDAFunctor_add<float>, at::detail::Array<char*, 3>)",0.0,0.0,0.0,0.2294,0.2096,0.439
"void at::native::vectorized_elementwise_kernel<4, at::native::FillFunctor<signed char>, at::detail::Array<char*, 1> >(int, at::native::FillFunctor<signed char>, at::detail::Array<char*, 1>)",0.0,0.0,0.2134,0.0,0.2127,0.4262
ampere_fp16_s16816gemm_fp16_256x128_ldg8_relu_f2f_stages_32x3_tn,0.3949,0.0,0.0,0.0,0.0,0.3949
"quant_attn_out_int8_kernel(__half const*, signed char*, float, int, int, int, long)",0.0,0.1316,0.0,0.2361,0.0,0.3676
"void at::native::elementwise_kernel<128, 4, at::native::gpu_kernel_impl_nocast<at::native::AUnaryFunctor<unsigned char, unsigned char, unsigned char, at::native::BitwiseAndFunctor<unsigned char> > >(at::TensorIteratorBase&, at::native::AUnaryFunctor<unsigned char, unsigned char, unsigned char, at::native::BitwiseAndFunctor<unsigned char> > const&)::{lambda(int)#1}>(int, at::native::gpu_kernel_impl_nocast<at::native::AUnaryFunctor<unsigned char, unsigned char, unsigned char, at::native::BitwiseAndFunctor<unsigned char> > >(at::TensorIteratorBase&, at::native::AUnaryFunctor<unsigned char, unsigned char, unsigned char, at::native::BitwiseAndFunctor<unsigned char> > const&)::{lambda(int)#1})",0.0,0.0,0.181,0.0,0.1856,0.3665
void cutlass::Kernel2<cutlass_80_wmma_tensorop_f16_s161616gemm_f16_16x16_32x1_nn_align8>(cutlass_80_wmma_tensorop_f16_s161616gemm_f16_16x16_32x1_nn_align8::Params),0.0661,0.0654,0.0656,0.0645,0.0629,0.3245
sm80_xmma_fprop_implicit_gemm_f16f16_f16f32_f32_nhwckrsc_nhwc_tilesize128x128x64_stage3_warpsize2x2x1_g1_tensor16x8x16_execute_kernel__5x_cudnn,0.3193,0.0,0.0,0.0,0.0,0.3193
void cutlass::Kernel2<cutlass_80_wmma_tensorop_f16_s161616gemm_f16_16x16_64x1_nn_align8>(cutlass_80_wmma_tensorop_f16_s161616gemm_f16_16x16_64x1_nn_align8::Params),0.0633,0.0633,0.0624,0.0634,0.0625,0.3148
"void (anonymous namespace)::softmax_warp_forward<c10::Half, c10::Half, float, 6, false, false>(c10::Half*, c10::Half const*, int, int, int, bool const*, int, bool)",0.155,0.0311,0.0,0.1239,0.0,0.3101
"void at::native::vectorized_elementwise_kernel<4, at::native::(anonymous namespace)::silu_kernel(at::TensorIteratorBase&)::{lambda()#1}::operator()() const::{lambda()#5}::operator()() const::{lambda(c10::Half)#1}, at::detail::Array<char*, 2> >(int, at::native::(anonymous namespace)::silu_kernel(at::TensorIteratorBase&)::{lambda()#1}::operator()() const::{lambda()#5}::operator()() const::{lambda(c10::Half)#1}, at::detail::Array<char*, 2>)",0.1018,0.1027,0.1008,0.0,0.0,0.3053
ampere_fp16_s16816gemm_fp16_128x64_ldg8_f2f_stages_32x6_tn,0.062,0.0618,0.0602,0.061,0.0603,0.3053
ampere_fp16_s16816gemm_fp16_64x64_sliced1x2_ldg8_relu_f2f_stages_64x5_tn,0.1419,0.153,0.0,0.0,0.0,0.295
"void at::native::unrolled_elementwise_kernel<at::native::direct_copy_kernel_cuda(at::TensorIteratorBase&)::{lambda()#3}::operator()() const::{lambda()#1}::operator()() const::{lambda(unsigned char)#1}, at::detail::Array<char*, 2>, TrivialOffsetCalculator<1, unsigned int>, TrivialOffsetCalculator<1, unsigned int>, at::native::memory::LoadWithCast<1>, at::native::memory::StoreWithCast<1> >(int, at::native::direct_copy_kernel_cuda(at::TensorIteratorBase&)::{lambda()#3}::operator()() const::{lambda()#1}::operator()() const::{lambda(unsigned char)#1}, at::detail::Array<char*, 2>, TrivialOffsetCalculator<1, unsigned int>, TrivialOffsetCalculator<1, unsigned int>, at::native::memory::LoadWithCast<1>, at::native::memory::StoreWithCast<1>)",0.0,0.0,0.1193,0.0,0.1174,0.2367
"void at::native::unrolled_elementwise_kernel<at::native::direct_copy_kernel_cuda(at::TensorIteratorBase&)::{lambda()#3}::operator()() const::{lambda()#2}::operator()() const::{lambda(signed char)#1}, at::detail::Array<char*, 2>, TrivialOffsetCalculator<1, unsigned int>, TrivialOffsetCalculator<1, unsigned int>, at::native::memory::LoadWithCast<1>, at::native::memory::StoreWithCast<1> >(int, at::native::direct_copy_kernel_cuda(at::TensorIteratorBase&)::{lambda()#3}::operator()() const::{lambda()#2}::operator()() const::{lambda(signed char)#1}, at::detail::Array<char*, 2>, TrivialOffsetCalculator<1, unsigned int>, TrivialOffsetCalculator<1, unsigned int>, at::native::memory::LoadWithCast<1>, at::native::memory::StoreWithCast<1>)",0.0,0.0,0.0941,0.0,0.0929,0.187
void cutlass__5x_cudnn::Kernel<cutlass_tensorop_f16_s16816fprop_optimized_f16_128x128_32x4_nhwc_align8>(cutlass_tensorop_f16_s16816fprop_optimized_f16_128x128_32x4_nhwc_align8::Params),0.1453,0.0,0.0,0.0,0.0,0.1453
"quant_attn_out_int4_pack_kernel(__half const*, signed char*, float, int, int, int, int, long)",0.0,0.0,0.0719,0.0,0.0717,0.1437
sm80_xmma_gemm_f16f16_f16f32_f32_tn_n_tilesize160x128x32_stage4_warpsize2x2x1_tensor16x8x16_kernel,0.1391,0.0,0.0,0.0,0.0,0.1391
"void static_quantize_and_update_ahat_kernel_int8_half_cache<__half>(__half const*, __half*, signed char*, float const*, float const*, int, int)",0.0,0.0,0.0,0.1321,0.0,0.1321
ampere_fp16_s16816gemm_fp16_64x64_ldg8_f2f_stages_64x5_tn,0.0,0.0,0.0,0.1289,0.0,0.1289
"void at::native::elementwise_kernel<128, 4, at::native::gpu_kernel_impl<at::native::BinaryFunctor<float, float, float, at::native::binary_internal::MulFunctor<float> > >(at::TensorIteratorBase&, at::native::BinaryFunctor<float, float, float, at::native::binary_internal::MulFunctor<float> > const&)::{lambda(int)#1}>(int, at::native::gpu_kernel_impl<at::native::BinaryFunctor<float, float, float, at::native::binary_internal::MulFunctor<float> > >(at::TensorIteratorBase&, at::native::BinaryFunctor<float, float, float, at::native::binary_internal::MulFunctor<float> > const&)::{lambda(int)#1})",0.0,0.0,0.1234,0.0,0.0,0.1234
"void static_quantize_pack_and_update_ahat_kernel_int4_half_cache<__half>(__half const*, __half*, signed char*, float const*, float const*, int, int)",0.0,0.0,0.0,0.0,0.1214,0.1214
"void at::native::elementwise_kernel<128, 4, at::native::gpu_kernel_impl_nocast<at::native::BinaryFunctor<c10::Half, c10::Half, c10::Half, at::native::binary_internal::DivFunctor<c10::Half> > >(at::TensorIteratorBase&, at::native::BinaryFunctor<c10::Half, c10::Half, c10::Half, at::native::binary_internal::DivFunctor<c10::Half> > const&)::{lambda(int)#1}>(int, at::native::gpu_kernel_impl_nocast<at::native::BinaryFunctor<c10::Half, c10::Half, c10::Half, at::native::binary_internal::DivFunctor<c10::Half> > >(at::TensorIteratorBase&, at::native::BinaryFunctor<c10::Half, c10::Half, c10::Half, at::native::binary_internal::DivFunctor<c10::Half> > const&)::{lambda(int)#1})",0.0,0.0,0.1178,0.0,0.0,0.1178
"void at::native::vectorized_elementwise_kernel<4, at::native::(anonymous namespace)::launch_clamp_scalar(at::TensorIteratorBase&, c10::Scalar, c10::Scalar, at::native::detail::ClampLimits)::{lambda()#1}::operator()() const::{lambda()#8}::operator()() const::{lambda(c10::Half)#1}, at::detail::Array<char*, 2> >(int, at::native::(anonymous namespace)::launch_clamp_scalar(at::TensorIteratorBase&, c10::Scalar, c10::Scalar, at::native::detail::ClampLimits)::{lambda()#1}::operator()() const::{lambda()#8}::operator()() const::{lambda(c10::Half)#1}, at::detail::Array<char*, 2>)",0.0,0.0,0.1166,0.0,0.0,0.1166
"void at::native::elementwise_kernel<128, 2, at::native::gpu_kernel_impl_nocast<at::native::BinaryFunctor<float, float, float, at::native::binary_internal::DivFunctor<float> > >(at::TensorIteratorBase&, at::native::BinaryFunctor<float, float, float, at::native::binary_internal::DivFunctor<float> > const&)::{lambda(int)#1}>(int, at::native::gpu_kernel_impl_nocast<at::native::BinaryFunctor<float, float, float, at::native::binary_internal::DivFunctor<float> > >(at::TensorIteratorBase&, at::native::BinaryFunctor<float, float, float, at::native::binary_internal::DivFunctor<float> > const&)::{lambda(int)#1})",0.0,0.0,0.0023,0.0,0.1126,0.1149
ampere_fp16_s16816gemm_fp16_256x128_ldg8_f2f_stages_32x3_tn,0.0221,0.0222,0.0218,0.0218,0.0225,0.1103
"void at::native::vectorized_elementwise_kernel<4, at::native::BinaryFunctor<unsigned char, unsigned char, unsigned char, at::native::BitwiseOrFunctor<unsigned char> >, at::detail::Array<char*, 3> >(int, at::native::BinaryFunctor<unsigned char, unsigned char, unsigned char, at::native::BitwiseOrFunctor<unsigned char> >, at::detail::Array<char*, 3>)",0.0,0.0,0.0531,0.0,0.0524,0.1055
"void at::native::vectorized_elementwise_kernel<4, at::native::BUnaryFunctor<unsigned char, unsigned char, unsigned char, at::native::lshift_kernel_cuda(at::TensorIteratorBase&)::{lambda()#1}::operator()() const::{lambda()#1}::operator()() const::{lambda(unsigned char, unsigned char)#1}>, at::detail::Array<char*, 2> >(int, at::native::BUnaryFunctor<unsigned char, unsigned char, unsigned char, at::native::lshift_kernel_cuda(at::TensorIteratorBase&)::{lambda()#1}::operator()() const::{lambda()#1}::operator()() const::{lambda(unsigned char, unsigned char)#1}>, at::detail::Array<char*, 2>)",0.0,0.0,0.0529,0.0,0.0524,0.1052
"void at::native::elementwise_kernel<128, 4, at::native::gpu_kernel_impl<at::native::CUDAFunctor_add<float> >(at::TensorIteratorBase&, at::native::CUDAFunctor_add<float> const&)::{lambda(int)#1}>(int, at::native::gpu_kernel_impl<at::native::CUDAFunctor_add<float> >(at::TensorIteratorBase&, at::native::CUDAFunctor_add<float> const&)::{lambda(int)#1})",0.0195,0.0194,0.019,0.0192,0.0192,0.0964
"dequant_accumulate_and_return_int8_kernel(float const*, float*, float*, float const*, int)",0.0,0.0,0.0,0.0938,0.0,0.0938
"dequant_accumulate_and_return_int4_kernel(float const*, float*, float*, float const*, int)",0.0,0.0,0.0,0.0,0.0921,0.0921
"void (anonymous namespace)::softmax_warp_forward<c10::Half, c10::Half, float, 4, false, false>(c10::Half*, c10::Half const*, int, int, int, bool const*, int, bool)",0.0178,0.0179,0.0176,0.0177,0.0173,0.0883
"void at::native::vectorized_elementwise_kernel<4, at::native::AbsFunctor<c10::Half>, at::detail::Array<char*, 2> >(int, at::native::AbsFunctor<c10::Half>, at::detail::Array<char*, 2>)",0.0,0.0,0.0652,0.0,0.0,0.0652
"void at::native::vectorized_elementwise_kernel<4, at::native::(anonymous namespace)::launch_clamp_scalar(at::TensorIteratorBase&, c10::Scalar, c10::Scalar, at::native::detail::ClampLimits)::{lambda()#1}::operator()() const::{lambda()#7}::operator()() const::{lambda(float)#1}, at::detail::Array<char*, 2> >(int, at::native::(anonymous namespace)::launch_clamp_scalar(at::TensorIteratorBase&, c10::Scalar, c10::Scalar, at::native::detail::ClampLimits)::{lambda()#1}::operator()() const::{lambda()#7}::operator()() const::{lambda(float)#1}, at::detail::Array<char*, 2>)",0.0,0.0,0.0031,0.0,0.0617,0.0648
"void static_quantize_int8_noahat_kernel<__half>(__half const*, signed char*, float const*, float const*, int, int)",0.0,0.0643,0.0,0.0,0.0,0.0643
void cutlass::Kernel2<cutlass_80_wmma_tensorop_f16_s161616gemm_f16_16x16_32x1_nn_align2>(cutlass_80_wmma_tensorop_f16_s161616gemm_f16_16x16_32x1_nn_align2::Params),0.0123,0.0123,0.0121,0.0122,0.0122,0.0611
"void at::native::vectorized_elementwise_kernel<4, at::native::round_kernel_cuda(at::TensorIteratorBase&)::{lambda()#1}::operator()() const::{lambda()#2}::operator()() const::{lambda(float)#1}, at::detail::Array<char*, 2> >(int, at::native::round_kernel_cuda(at::TensorIteratorBase&)::{lambda()#1}::operator()() const::{lambda()#2}::operator()() const::{lambda(float)#1}, at::detail::Array<char*, 2>)",0.0,0.0,0.0014,0.0,0.0595,0.0609
"void at::native::vectorized_elementwise_kernel<4, at::native::CUDAFunctorOnSelf_add<float>, at::detail::Array<char*, 2> >(int, at::native::CUDAFunctorOnSelf_add<float>, at::detail::Array<char*, 2>)",0.0,0.0,0.0014,0.0,0.0585,0.0599
"void at::native::vectorized_elementwise_kernel<4, at::native::round_kernel_cuda(at::TensorIteratorBase&)::{lambda()#1}::operator()() const::{lambda()#3}::operator()() const::{lambda(c10::Half)#1}, at::detail::Array<char*, 2> >(int, at::native::round_kernel_cuda(at::TensorIteratorBase&)::{lambda()#1}::operator()() const::{lambda()#3}::operator()() const::{lambda(c10::Half)#1}, at::detail::Array<char*, 2>)",0.0,0.0,0.0552,0.0,0.0,0.0552
"void at::native::vectorized_elementwise_kernel<4, at::native::BUnaryFunctor<c10::Half, c10::Half, c10::Half, at::native::binary_internal::MulFunctor<float> >, at::detail::Array<char*, 2> >(int, at::native::BUnaryFunctor<c10::Half, c10::Half, c10::Half, at::native::binary_internal::MulFunctor<float> >, at::detail::Array<char*, 2>)",0.0,0.0,0.0547,0.0,0.0,0.0547
"void at::native::vectorized_elementwise_kernel<4, at::native::CUDAFunctorOnSelf_add<c10::Half>, at::detail::Array<char*, 2> >(int, at::native::CUDAFunctorOnSelf_add<c10::Half>, at::detail::Array<char*, 2>)",0.0,0.0,0.0544,0.0,0.0,0.0544
"void nhwcAddPaddingKernel<__half, __half, float, true, (cudnnKernelDataType_t)0>(int, int, int, int, int, int, int, int, __half const*, __half*, int, int, int, int, float, float, cudnn::reduced_divisor, cudnn::reduced_divisor, cudnn::reduced_divisor)",0.0098,0.0098,0.0096,0.0096,0.0094,0.0482
"void at::native::vectorized_elementwise_kernel<4, at::native::AUnaryFunctor<c10::Half, c10::Half, c10::Half, at::native::binary_internal::MulFunctor<float> >, at::detail::Array<char*, 2> >(int, at::native::AUnaryFunctor<c10::Half, c10::Half, c10::Half, at::native::binary_internal::MulFunctor<float> >, at::detail::Array<char*, 2>)",0.0079,0.0078,0.0077,0.0079,0.0077,0.039
"void at::native::vectorized_elementwise_kernel<4, at::native::FillFunctor<float>, at::detail::Array<char*, 1> >(int, at::native::FillFunctor<float>, at::detail::Array<char*, 1>)",0.0348,0.0,0.0,0.0,0.0,0.0348
"void at::native::vectorized_elementwise_kernel<4, at::native::AUnaryFunctor<float, float, float, at::native::binary_internal::MulFunctor<float> >, at::detail::Array<char*, 2> >(int, at::native::AUnaryFunctor<float, float, float, at::native::binary_internal::MulFunctor<float> >, at::detail::Array<char*, 2>)",0.0064,0.0062,0.0063,0.006,0.0061,0.031
"gn_finalize_kernel(float const*, float const*, __half*, __half*, int, int, int, int, float, float)",0.0304,0.0,0.0,0.0,0.0,0.0304
void cutlass::Kernel2<cutlass_80_wmma_tensorop_f16_s161616gemm_f16_16x16_64x1_nn_align2>(cutlass_80_wmma_tensorop_f16_s161616gemm_f16_16x16_64x1_nn_align2::Params),0.0058,0.0058,0.0057,0.0057,0.0057,0.0288
Memcpy DtoH (Device -> Pinned),0.0058,0.0058,0.0057,0.0057,0.0057,0.0287
void cutlass::Kernel2<cutlass_80_tensorop_f16_s16816gemm_relu_f16_128x128_32x4_tn_align8>(cutlass_80_tensorop_f16_s16816gemm_relu_f16_128x128_32x4_tn_align8::Params),0.023,0.0,0.0,0.0,0.0,0.023
Memcpy HtoD (Pageable -> Device),0.0001,0.0001,0.0001,0.0001,0.0176,0.0179
"void at::native::reduce_kernel<512, 1, at::native::ReduceOp<long, at::native::func_wrapper_t<long, at::native::MaxNanFunctor<long> >, unsigned int, long, 4> >(at::native::ReduceOp<long, at::native::func_wrapper_t<long, at::native::MaxNanFunctor<long> >, unsigned int, long, 4>)",0.0036,0.0035,0.0035,0.0035,0.0034,0.0175
"void at::native::(anonymous namespace)::ComputeFusedParamsCUDAKernel<float>(long, long, long, float const*, float const*, float const*, float const*, at::AccumulateType<float, true>::type*, at::AccumulateType<float, true>::type*)",0.0035,0.0035,0.0034,0.0034,0.0033,0.0172
"void at::native::(anonymous namespace)::indexSelectLargeIndex<float, long, unsigned int, 2, 2, -2, true>(at::cuda::detail::TensorInfo<float, unsigned int>, at::cuda::detail::TensorInfo<float const, unsigned int>, at::cuda::detail::TensorInfo<long const, unsigned int>, int, int, unsigned int, unsigned int, long)",0.0033,0.0033,0.0033,0.0033,0.0032,0.0164
Memset (Device),0.0054,0.0019,0.0019,0.002,0.002,0.0133
ampere_fp16_s16816gemm_fp16_128x64_ldg8_relu_f2f_stages_64x3_tn,0.0128,0.0,0.0,0.0,0.0,0.0128
void cutlass::Kernel2<cutlass_80_wmma_tensorop_f16_s161616gemm_f16_32x32_128x2_tn_align8>(cutlass_80_wmma_tensorop_f16_s161616gemm_f16_32x32_128x2_tn_align8::Params),0.0048,0.0048,0.0,0.0,0.0,0.0097
"void (anonymous namespace)::softmax_warp_forward<c10::Half, c10::Half, float, 2, false, false>(c10::Half*, c10::Half const*, int, int, int, bool const*, int, bool)",0.0017,0.0017,0.0017,0.0017,0.0016,0.0083
"void at::native::vectorized_elementwise_kernel<4, at::native::FillFunctor<long>, at::detail::Array<char*, 1> >(int, at::native::FillFunctor<long>, at::detail::Array<char*, 1>)",0.0016,0.0016,0.0016,0.0016,0.0015,0.008
"void at::native::reduce_kernel<512, 1, at::native::ReduceOp<float, at::native::func_wrapper_t<float, at::native::MaxNanFunctor<float> >, unsigned int, float, 4> >(at::native::ReduceOp<float, at::native::func_wrapper_t<float, at::native::MaxNanFunctor<float> >, unsigned int, float, 4>)",0.0,0.0,0.0059,0.0,0.0,0.0059
void cutlass::Kernel2<cutlass_80_wmma_tensorop_f16_s161616gemm_f16_32x32_64x1_tn_align8>(cutlass_80_wmma_tensorop_f16_s161616gemm_f16_32x32_64x1_tn_align8::Params),0.0,0.0,0.0,0.0045,0.0,0.0045
Memcpy DtoD (Device -> Device),0.0004,0.0004,0.0004,0.0004,0.0004,0.0019
"void at::native::vectorized_elementwise_kernel<4, at::native::AbsFunctor<float>, at::detail::Array<char*, 2> >(int, at::native::AbsFunctor<float>, at::detail::Array<char*, 2>)",0.0,0.0,0.0014,0.0,0.0,0.0014
"void at::native::vectorized_elementwise_kernel<4, at::native::BUnaryFunctor<float, float, float, at::native::binary_internal::MulFunctor<float> >, at::detail::Array<char*, 2> >(int, at::native::BUnaryFunctor<float, float, float, at::native::binary_internal::MulFunctor<float> >, at::detail::Array<char*, 2>)",0.0,0.0,0.0013,0.0,0.0,0.0013
Memcpy DtoH (Device -> Pageable),0.0001,0.0001,0.0001,0.0001,0.0001,0.0005
"void at::native::(anonymous namespace)::distribution_elementwise_grid_stride_kernel<float, 4, at::native::templates::cuda::normal_and_transform<float, float, 4ul, at::CUDAGeneratorImpl*, at::native::templates::cuda::normal_kernel<at::CUDAGeneratorImpl*>(at::TensorBase const&, double, double, at::CUDAGeneratorImpl*)::{lambda()#1}::operator()() const::{lambda()#2}::operator()() const::{lambda(float)#1}>(at::TensorIteratorBase&, at::CUDAGeneratorImpl*, at::native::templates::cuda::normal_kernel<at::CUDAGeneratorImpl*>(at::TensorBase const&, double, double, at::CUDAGeneratorImpl*)::{lambda()#1}::operator()() const::{lambda()#2}::operator()() const::{lambda(float)#1})::{lambda(curandStatePhilox4_32_10*)#2}, at::native::(anonymous namespace)::distribution_nullary_kernel<float, float, 4, at::CUDAGeneratorImpl*, at::native::templates::cuda::normal_and_transform<float, float, 4ul, at::CUDAGeneratorImpl*, at::native::templates::cuda::normal_kernel<at::CUDAGeneratorImpl*>(at::TensorBase const&, double, double, at::CUDAGeneratorImpl*)::{lambda()#1}::operator()() const::{lambda()#2}::operator()() const::{lambda(float)#1}>(at::TensorIteratorBase&, at::CUDAGeneratorImpl*, at::native::templates::cuda::normal_kernel<at::CUDAGeneratorImpl*>(at::TensorBase const&, double, double, at::CUDAGeneratorImpl*)::{lambda()#1}::operator()() const::{lambda()#2}::operator()() const::{lambda(float)#1})::{lambda(curandStatePhilox4_32_10*)#2}, at::native::templates::cuda::normal_kernel<at::CUDAGeneratorImpl*>(at::TensorBase const&, double, double, at::CUDAGeneratorImpl*)::{lambda()#1}::operator()() const::{lambda()#2}::operator()() const::{lambda(float)#1}>(at::TensorIteratorBase&, at::CUDAGeneratorImpl*, at::native::templates::cuda::normal_and_transform<float, float, 4ul, at::CUDAGeneratorImpl*, at::native::templates::cuda::normal_kernel<at::CUDAGeneratorImpl*>(at::TensorBase const&, double, double, at::CUDAGeneratorImpl*)::{lambda()#1}::operator()() const::{lambda()#2}::operator()() const::{lambda(float)#1}>(at::TensorIteratorBase&, at::CUDAGeneratorImpl*, at::native::templates::cuda::normal_kernel<at::CUDAGeneratorImpl*>(at::TensorBase const&, double, double, at::CUDAGeneratorImpl*)::{lambda()#1}::operator()() const::{lambda()#2}::operator()() const::{lambda(float)#1})::{lambda(curandStatePhilox4_32_10*)#2} const&, at::native::templates::cuda::normal_kernel<at::CUDAGeneratorImpl*>(at::TensorBase const&, double, double, at::CUDAGeneratorImpl*)::{lambda()#1}::operator()() const::{lambda()#2}::operator()() const::{lambda(float)#1})::{lambda(int, float)#1}>(int, at::PhiloxCudaState, at::native::templates::cuda::normal_and_transform<float, float, 4ul, at::CUDAGeneratorImpl*, at::native::templates::cuda::normal_kernel<at::CUDAGeneratorImpl*>(at::TensorBase const&, double, double, at::CUDAGeneratorImpl*)::{lambda()#1}::operator()() const::{lambda()#2}::operator()() const::{lambda(float)#1}>(at::TensorIteratorBase&, at::CUDAGeneratorImpl*, at::native::templates::cuda::normal_kernel<at::CUDAGeneratorImpl*>(at::TensorBase const&, double, double, at::CUDAGeneratorImpl*)::{lambda()#1}::operator()() const::{lambda()#2}::operator()() const::{lambda(float)#1})::{lambda(curandStatePhilox4_32_10*)#2}, at::native::(anonymous namespace)::distribution_nullary_kernel<float, float, 4, at::CUDAGeneratorImpl*, at::native::templates::cuda::normal_and_transform<float, float, 4ul, at::CUDAGeneratorImpl*, at::native::templates::cuda::normal_kernel<at::CUDAGeneratorImpl*>(at::TensorBase const&, double, double, at::CUDAGeneratorImpl*)::{lambda()#1}::operator()() const::{lambda()#2}::operator()() const::{lambda(float)#1}>(at::TensorIteratorBase&, at::CUDAGeneratorImpl*, at::native::templates::cuda::normal_kernel<at::CUDAGeneratorImpl*>(at::TensorBase const&, double, double, at::CUDAGeneratorImpl*)::{lambda()#1}::operator()() const::{lambda()#2}::operator()() const::{lambda(float)#1})::{lambda(curandStatePhilox4_32_10*)#2}, at::native::templates::cuda::normal_kernel<at::CUDAGeneratorImpl*>(at::TensorBase const&, double, double, at::CUDAGeneratorImpl*)::{lambda()#1}::operator()() const::{lambda()#2}::operator()() const::{lambda(float)#1}>(at::TensorIteratorBase&, at::CUDAGeneratorImpl*, at::native::templates::cuda::normal_and_transform<float, float, 4ul, at::CUDAGeneratorImpl*, at::native::templates::cuda::normal_kernel<at::CUDAGeneratorImpl*>(at::TensorBase const&, double, double, at::CUDAGeneratorImpl*)::{lambda()#1}::operator()() const::{lambda()#2}::operator()() const::{lambda(float)#1}>(at::TensorIteratorBase&, at::CUDAGeneratorImpl*, at::native::templates::cuda::normal_kernel<at::CUDAGeneratorImpl*>(at::TensorBase const&, double, double, at::CUDAGeneratorImpl*)::{lambda()#1}::operator()() const::{lambda()#2}::operator()() const::{lambda(float)#1})::{lambda(curandStatePhilox4_32_10*)#2} const&, at::native::templates::cuda::normal_kernel<at::CUDAGeneratorImpl*>(at::TensorBase const&, double, double, at::CUDAGeneratorImpl*)::{lambda()#1}::operator()() const::{lambda()#2}::operator()() const::{lambda(float)#1})::{lambda(int, float)#1})",0.0001,0.0001,0.0001,0.0001,0.0001,0.0003
"void at::native::vectorized_elementwise_kernel<4, at::native::CUDAFunctorOnOther_add<float>, at::detail::Array<char*, 2> >(int, at::native::CUDAFunctorOnOther_add<float>, at::detail::Array<char*, 2>)",0.0,0.0,0.0,0.0,0.0,0.0002
"void at::native::vectorized_elementwise_kernel<4, at::native::BinaryFunctor<float, float, float, at::native::binary_internal::DivFunctor<float> >, at::detail::Array<char*, 3> >(int, at::native::BinaryFunctor<float, float, float, at::native::binary_internal::DivFunctor<float> >, at::detail::Array<char*, 3>)",0.0,0.0,0.0,0.0,0.0,0.0002
"void at::native::vectorized_elementwise_kernel<4, at::native::sqrt_kernel_cuda(at::TensorIteratorBase&)::{lambda()#2}::operator()() const::{lambda()#2}::operator()() const::{lambda(float)#1}, at::detail::Array<char*, 2> >(int, at::native::sqrt_kernel_cuda(at::TensorIteratorBase&)::{lambda()#2}::operator()() const::{lambda()#2}::operator()() const::{lambda(float)#1}, at::detail::Array<char*, 2>)",0.0,0.0,0.0,0.0,0.0,0.0001
"void at::native::vectorized_elementwise_kernel<4, at::native::BinaryFunctor<float, float, float, at::native::binary_internal::MulFunctor<float> >, at::detail::Array<char*, 3> >(int, at::native::BinaryFunctor<float, float, float, at::native::binary_internal::MulFunctor<float> >, at::detail::Array<char*, 3>)",0.0,0.0,0.0,0.0,0.0,0.0001
"void at::native::(anonymous namespace)::CatArrayBatchedCopy_aligned16_contig<at::native::(anonymous namespace)::OpaqueType<4u>, unsigned int, 2, 128, 1>(at::native::(anonymous namespace)::OpaqueType<4u>*, at::native::(anonymous namespace)::CatArrInputTensorMetadata<at::native::(anonymous namespace)::OpaqueType<4u>, unsigned int, 128, 1>, at::native::(anonymous namespace)::TensorSizeStride<unsigned int, 4u>, int, unsigned int)",0.0,0.0,0.0,0.0,0.0,0.0
"void at::native::vectorized_elementwise_kernel<4, at::native::sin_kernel_cuda(at::TensorIteratorBase&)::{lambda()#2}::operator()() const::{lambda()#2}::operator()() const::{lambda(float)#1}, at::detail::Array<char*, 2> >(int, at::native::sin_kernel_cuda(at::TensorIteratorBase&)::{lambda()#2}::operator()() const::{lambda()#2}::operator()() const::{lambda(float)#1}, at::detail::Array<char*, 2>)",0.0,0.0,0.0,0.0,0.0,0.0
"void at::native::vectorized_elementwise_kernel<4, at::native::cos_kernel_cuda(at::TensorIteratorBase&)::{lambda()#2}::operator()() const::{lambda()#2}::operator()() const::{lambda(float)#1}, at::detail::Array<char*, 2> >(int, at::native::cos_kernel_cuda(at::TensorIteratorBase&)::{lambda()#2}::operator()() const::{lambda()#2}::operator()() const::{lambda(float)#1}, at::detail::Array<char*, 2>)",0.0,0.0,0.0,0.0,0.0,0.0
"void (anonymous namespace)::elementwise_kernel_with_index<int, at::native::arange_cuda_out(c10::Scalar const&, c10::Scalar const&, c10::Scalar const&, at::Tensor&)::{lambda()#1}::operator()() const::{lambda()#4}::operator()() const::{lambda(long)#1}>(int, at::native::arange_cuda_out(c10::Scalar const&, c10::Scalar const&, c10::Scalar const&, at::Tensor&)::{lambda()#1}::operator()() const::{lambda()#4}::operator()() const::{lambda(long)#1}, function_traits<at::native::arange_cuda_out(c10::Scalar const&, c10::Scalar const&, c10::Scalar const&, at::Tensor&)::{lambda()#1}::operator()() const::{lambda()#4}::operator()() const::{lambda(long)#1}>::result_type*)",0.0,0.0,0.0,0.0,0.0,0.0
